rank,brand,description,price,grade,number of comments,link,review link
#1,KYY,"KYY Portable Monitor 15.6inch 1080P FHD USB-C, HDMI Computer Display HDR IPS Gaming Monitor w/Premium Smart Cover & Screen Protector, Speakers, for Laptop PC MAC Phone PS4 Xbox Switch",$69.99,4.4 out of 5 stars,"9,512",https://www.amazon.com/Portable-Monitor-15-6inch-Computer-Protector/dp/B088D8JG3L/ref=zg_bs_g_1292115011_d_sccl_1/130-1353609-7634308?psc=1,https://www.amazon.com/product-reviews/B088D8JG3L/ref=zg_bs_g_1292115011_d_sccl_1_cr/130-1353609-7634308
#2,acer,"acer KB272 G0bi 27"" IPS Full HD (1920 x 1080) Gaming Office Monitor | Adaptive-Sync Support (FreeSync Compatible) | Up to 120Hz Refresh | 1ms (VRB) | sRGB 99% | Tilt | HDMI & VGA Ports",$99.99,4.6 out of 5 stars,"1,568",https://www.amazon.com/acer-Monitor-Adaptive-Sync-FreeSync-Compatible/dp/B0D9MK23S7/ref=zg_bs_g_1292115011_d_sccl_2/130-1353609-7634308?psc=1,https://www.amazon.com/product-reviews/B0D9MK23S7/ref=zg_bs_g_1292115011_d_sccl_2_cr/130-1353609-7634308
#3,ARZOPA,"ARZOPA Portable Monitor, 15.6'' 1080P FHD Laptop Monitor USB C HDMI Computer Display HDR Eye Care External Screen w/Smart Cover for Mac Phone Xbox Switch PS5-S1 Table",$56.98,4.4 out of 5 stars,"9,144",https://www.amazon.com/Arzopa-Portable-100-SRGB-External-Speakers/dp/B093GCL18V/ref=zg_bs_g_1292115011_d_sccl_3/130-1353609-7634308?psc=1,https://www.amazon.com/product-reviews/B093GCL18V/ref=zg_bs_g_1292115011_d_sccl_3_cr/130-1353609-7634308
#4,Sceptre,"Sceptre Curved 24.5-inch Gaming Monitor up to 240Hz 1080p R1500 1ms DisplayPort x2 HDMI x2 Blue Light Shift Build-in Speakers, Machine Black 2023 (C255B-FWT240)",$138.15,4.4 out of 5 stars,"7,146",https://www.amazon.com/Sceptre-24-5-inch-DisplayPort-Speakers-C255B-FWT240/dp/B0BTKJFRDV/ref=zg_bs_g_1292115011_d_sccl_4/130-1353609-7634308?psc=1,https://www.amazon.com/product-reviews/B0BTKJFRDV/ref=zg_bs_g_1292115011_d_sccl_4_cr/130-1353609-7634308
#5,SAMSUNG,"SAMSUNG 27"" Essential S3 (S36GD) Series FHD 1800R Curved Computer Monitor, 100Hz, Game Mode, Advanced Eye Comfort, HDMI and D-sub Ports, LS27D366GANXZA, 2024",$109.99,4.3 out of 5 stars,227,https://www.amazon.com/SAMSUNG-Essential-Computer-Advanced-LS27D366GANXZA/dp/B0DB9Q5G3R/ref=zg_bs_g_1292115011_d_sccl_5/130-1353609-7634308?psc=1,https://www.amazon.com/product-reviews/B0DB9Q5G3R/ref=zg_bs_g_1292115011_d_sccl_5_cr/130-1353609-7634308
#6,PHILIPS,"PHILIPS 22 inch Class Thin Full HD (1920 x 1080) Monitor, 100Hz Refresh Rate, VESA, HDMI x1, VGA x1, LowBlue Mode, Adaptive Sync, 4 Year Advance Replacement Warranty, 221V8LB",$74.99,4.6 out of 5 stars,"5,473",https://www.amazon.com/PHILIPS-Adaptive-Replacement-Warranty-221V8LB/dp/B0CVM2GJCN/ref=zg_bs_g_1292115011_d_sccl_6/130-1353609-7634308?psc=1,https://www.amazon.com/product-reviews/B0CVM2GJCN/ref=zg_bs_g_1292115011_d_sccl_6_cr/130-1353609-7634308
#7,Sceptre,"Sceptre New 27-inch Gaming Monitor 100Hz 1ms DisplayPort HDMI x2 100% sRGB AMD FreeSync Build-in Speakers, Eye Care Frameless Machine Black 2024 (E275W-FW100T)",$98.16,4.5 out of 5 stars,"33,945",https://www.amazon.com/Sceptre-DisplayPort-FreeSync-Frameless-E275W-FW100T/dp/B0CHHSFMRL/ref=zg_bs_g_1292115011_d_sccl_7/130-1353609-7634308?psc=1,https://www.amazon.com/product-reviews/B0CHHSFMRL/ref=zg_bs_g_1292115011_d_sccl_7_cr/130-1353609-7634308
#8,Samsung,"Samsung 27' T35F Series FHD 1080p Computer Monitor, 75Hz, IPS Panel, HDMI, VGA (D-Sub), AMD FreeSync, Wall Mountable, Game Mode, 3-Sided Border-Less, Eye Care, LF27T350FHNXZA",$119.00,4.5 out of 5 stars,"5,445",https://www.amazon.com/SAMSUNG-27-inch-Border-Less-FreeSync-LF27T350FHNXZA/dp/B08FF3JQ28/ref=zg_bs_g_1292115011_d_sccl_8/130-1353609-7634308?psc=1,https://www.amazon.com/product-reviews/B08FF3JQ28/ref=zg_bs_g_1292115011_d_sccl_8_cr/130-1353609-7634308
#9,Acer,"Acer Nitro KG241Y Sbiip 23.8” Full HD (1920 x 1080) VA Gaming Monitor | AMD FreeSync Premium Technology | 165Hz Refresh Rate | 1ms (VRB) | ZeroFrame Design | 1 x Display Port 1.2 & 2 x HDMI 2.0,Black",$99.99,4.5 out of 5 stars,"2,655",https://www.amazon.com/Acer-Monitor-FreeSync-Technology-ZeroFrame/dp/B0B6DFG1FQ/ref=zg_bs_g_1292115011_d_sccl_9/130-1353609-7634308?psc=1,https://www.amazon.com/product-reviews/B0B6DFG1FQ/ref=zg_bs_g_1292115011_d_sccl_9_cr/130-1353609-7634308
#10,PHILIPS,"PHILIPS 24 inch Frameless Full HD (1920 x 1080) 100Hz Monitor, VESA, HDMI x1, VGA Port x1, Eye Care, 4 Year Advance Replacement Warranty, 241V8LB",$79.99,4.6 out of 5 stars,"5,473",https://www.amazon.com/PHILIPS-Frameless-Replacement-Warranty-241V8LB/dp/B0C8ZKV5R9/ref=zg_bs_g_1292115011_d_sccl_10/130-1353609-7634308?psc=1,https://www.amazon.com/product-reviews/B0C8ZKV5R9/ref=zg_bs_g_1292115011_d_sccl_10_cr/130-1353609-7634308
#11,Dell,"Dell S2725DS Monitor - 27 Inch, QHD (2560x1440) Display, 100Hz refresh rate, 1500:1 contrast ratio, TÜV Rheinland Eye comfort 4 Star, Integrated 2x5W speaker, Height/Tilt/Swivel/Pivot- Ash White color",$219.99,4.5 out of 5 stars,308,https://www.amazon.com/Dell-S2725DS-Monitor-2560x1440-Integrated/dp/B0D3FGFPPB/ref=zg_bs_g_1292115011_d_sccl_11/130-1353609-7634308?psc=1,https://www.amazon.com/product-reviews/B0D3FGFPPB/ref=zg_bs_g_1292115011_d_sccl_11_cr/130-1353609-7634308
#12,AOC,"AOC C27G2Z 27"" Curved Frameless Ultra-Fast Gaming Monitor, FHD 1080p, 0.5ms 240Hz, FreeSync, 2x HDMI 2.0, 1x Display Port, Height Adjustable, Xbox PS5 Switch Ready, 3-Year Zero-Bright-Dot",$149.99,4.6 out of 5 stars,"20,504",https://www.amazon.com/AOC-C27G2Z-Frameless-Ultra-Fast-Adjustable/dp/B088LG2BSW/ref=zg_bs_g_1292115011_d_sccl_12/130-1353609-7634308?psc=1,https://www.amazon.com/product-reviews/B088LG2BSW/ref=zg_bs_g_1292115011_d_sccl_12_cr/130-1353609-7634308
#13,Sceptre,"Sceptre 20"" 1600x900 75Hz Ultra Thin LED Monitor 2x HDMI VGA Built-in Speakers, Machine Black Wide Viewing Angle 170° (Horizontal) / 160° (Vertical)",$66.28,4.5 out of 5 stars,"24,837",https://www.amazon.com/Sceptre-E205W-16003R-Frameless-Speakers-Metallic/dp/B07743412C/ref=zg_bs_g_1292115011_d_sccl_13/130-1353609-7634308?psc=1,https://www.amazon.com/product-reviews/B07743412C/ref=zg_bs_g_1292115011_d_sccl_13_cr/130-1353609-7634308
#14,Sceptre,"Sceptre 30-inch Curved Gaming Monitor 21:9 2560x1080 Ultra Wide/ Slim HDMI DisplayPort up to 200Hz Build-in Speakers, Metal Black (C305B-200UN1)",$167.01,4.5 out of 5 stars,"12,105",https://www.amazon.com/Sceptre-30-inch-Curved-Gaming-Monitor/dp/B07TXM7K4T/ref=zg_bs_g_1292115011_d_sccl_14/130-1353609-7634308?psc=1,https://www.amazon.com/product-reviews/B07TXM7K4T/ref=zg_bs_g_1292115011_d_sccl_14_cr/130-1353609-7634308
#15,Sceptre,"Sceptre 34-Inch Curved Ultrawide WQHD Monitor 3440 x 1440 R1500 up to 165Hz DisplayPort x2 99% sRGB 1ms Picture by Picture, Machine Black 2023 (C345B-QUT168)",$253.51,4.4 out of 5 stars,"7,146",https://www.amazon.com/Sceptre-34-Inch-Ultrawide-DisplayPort-C345B-QUT168/dp/B0BTK1C533/ref=zg_bs_g_1292115011_d_sccl_15/130-1353609-7634308?psc=1,https://www.amazon.com/product-reviews/B0BTK1C533/ref=zg_bs_g_1292115011_d_sccl_15_cr/130-1353609-7634308
#16,VILVA,VILVA Portable-Monitor-for-Laptop - 15.6'' 1080P FHD IPS Display USB-C HDMI Portable Monitor for Laptop with Cover and Speakers External Monitor for Laptop/PC/Mac/Phone/Xbox Switch/PS4/,$59.99,4.4 out of 5 stars,"1,680",https://www.amazon.com/VILVA-Portable-Monitor-Laptop-Portable-Speakers/dp/B0BTSFVMLV/ref=zg_bs_g_1292115011_d_sccl_16/130-1353609-7634308?psc=1,https://www.amazon.com/product-reviews/B0BTSFVMLV/ref=zg_bs_g_1292115011_d_sccl_16_cr/130-1353609-7634308
#17,ForHelp,"ForHelp Portable Monitor 15.6inch,1080P USB-C HDMI Second External Monitor for Laptop,PC,Mac Phone,PS,Xbox,Swich,IPS Ultra-Thin Zero Frame Gaming Monitor/Premium Smart Cover",$79.99,4.5 out of 5 stars,"4,565",https://www.amazon.com/ForHelp-15-6inch-Portable-External-Ultra-Thin/dp/B0BNWWF32B/ref=zg_bs_g_1292115011_d_sccl_17/130-1353609-7634308?psc=1,https://www.amazon.com/product-reviews/B0BNWWF32B/ref=zg_bs_g_1292115011_d_sccl_17_cr/130-1353609-7634308
#18,AOC,"AOC 24G15N 24"" Gaming Monitor, Full HD 1920x1080, 180Hz 1ms, 1x HDMI 2.0, 1x Display Port, Adaptive-Sync, 3-Sided Frameless, HDR Ready, Console Gaming Ready, 3-Year Zero-Bright-Dot",$99.99,4.6 out of 5 stars,"20,504",https://www.amazon.com/AOC-24G15N-1920x1080-Frameless-Zero-Bright-Dot/dp/B0CGVY3YYB/ref=zg_bs_g_1292115011_d_sccl_18/130-1353609-7634308?psc=1,https://www.amazon.com/product-reviews/B0CGVY3YYB/ref=zg_bs_g_1292115011_d_sccl_18_cr/130-1353609-7634308
#19,Dell,"Dell G2725D Gaming Monitor - 27-inch QHD (2560x1440) up to 180 Hz, 2ms Response time, 99% RGB Display, DisplayPort/HDMI Connectivity, AMD FreeSync, Comfortview, Tilt Adjustable - Black",$149.99,4.5 out of 5 stars,"4,271",https://www.amazon.com/Dell-G2725D-Gaming-Monitor-Connectivity/dp/B0DGMQ2M1G/ref=zg_bs_g_1292115011_d_sccl_19/130-1353609-7634308?psc=1,https://www.amazon.com/product-reviews/B0DGMQ2M1G/ref=zg_bs_g_1292115011_d_sccl_19_cr/130-1353609-7634308
#20,MNN,"MNN Portable Monitor 15.6inch FHD 1080P USB C HDMI Gaming Ultra-Slim IPS Display w/Smart Cover & Speakers,HDR Plug&Play, External Monitor for Laptop PC Phone Mac (15.6'' 1080P)",$79.99,4.4 out of 5 stars,"8,255",https://www.amazon.com/MNN-Portable-15-6inch-Ultra-Slim-Speakers/dp/B0B9NNWXVP/ref=zg_bs_g_1292115011_d_sccl_20/130-1353609-7634308?psc=1,https://www.amazon.com/product-reviews/B0B9NNWXVP/ref=zg_bs_g_1292115011_d_sccl_20_cr/130-1353609-7634308
#21,Acer,"Acer Nitro 27"" WQHD 2560 x 1440 PC Gaming IPS Monitor | AMD FreeSync Premium Up to 180Hz Refresh 0.5ms DCI-P3 95% 1 Display Port 1.2 & 2 HDMI 2.0 XV271U M3bmiiprx,Black",$169.99,4.4 out of 5 stars,"1,465",https://www.amazon.com/Acer-Monitor-FreeSync-Premium-M3bmiiprx/dp/B0C4Z8RFY9/ref=zg_bs_g_1292115011_d_sccl_21/130-1353609-7634308?psc=1,https://www.amazon.com/product-reviews/B0C4Z8RFY9/ref=zg_bs_g_1292115011_d_sccl_21_cr/130-1353609-7634308
#22,Anyuse,"Anyuse Portable Monitor 15.6 Inch 1080P USB-C HDMI Ultra-Slim Travel Monitor with Kickstand, for Laptop, PC, Mac Phone, PS, Xbox, Swich IPS Ultra-Thin Zero Frame Gaming Monitor",$49.99,4.7 out of 5 stars,630,https://www.amazon.com/Anyuse-Portable-Ultra-Slim-Kickstand-Ultra-Thin/dp/B0D44QFCPQ/ref=zg_bs_g_1292115011_d_sccl_22/130-1353609-7634308?psc=1,https://www.amazon.com/product-reviews/B0D44QFCPQ/ref=zg_bs_g_1292115011_d_sccl_22_cr/130-1353609-7634308
#23,SAMSUNG,"SAMSUNG 34"" ViewFinity S50GC Series Ultra-WQHD Monitor, 100Hz, 5ms, HDR10, AMD FreeSync, Eye Care, Borderless Design, PIP, PBP, LS34C502GANXZA, 2023, Black",$219.99,4.3 out of 5 stars,"2,921",https://www.amazon.com/SAMSUNG-ViewFinity-Ultra-WQHD-Borderless-LS34C502GANXZA/dp/B0C1KPXPM9/ref=zg_bs_g_1292115011_d_sccl_23/130-1353609-7634308?psc=1,https://www.amazon.com/product-reviews/B0C1KPXPM9/ref=zg_bs_g_1292115011_d_sccl_23_cr/130-1353609-7634308
#24,InnoView,"InnoView Portable Monitor, 15.6 Inch FHD 1080P Standard HDMI USB C Second External Monitor for Laptop, Desktop, MacBook, Phones, Tablet, PS5/4, Xbox, Switch, Built-in Speaker with Protective Case",$64.99,4.4 out of 5 stars,"5,016",https://www.amazon.com/Portable-Monitor-InnoView-External-Protective/dp/B095GG31KX/ref=zg_bs_g_1292115011_d_sccl_24/130-1353609-7634308?psc=1,https://www.amazon.com/product-reviews/B095GG31KX/ref=zg_bs_g_1292115011_d_sccl_24_cr/130-1353609-7634308
#25,ARZOPA,"ARZOPA 16.1'' 144Hz Portable Gaming Monitor, 106% sRGB 1080P FHD Kickstand Portable Monitor with HDR, Ultra Slim, Eye Care, External Second Screen for Laptop, PC, PS5, Mac, Xbox-Z1FC",$116.99,4.3 out of 5 stars,"1,026",https://www.amazon.com/ARZOPA-Portable-Kickstand-External-Switch-Z1FC/dp/B0CH9WTW56/ref=zg_bs_g_1292115011_d_sccl_25/130-1353609-7634308?psc=1,https://www.amazon.com/product-reviews/B0CH9WTW56/ref=zg_bs_g_1292115011_d_sccl_25_cr/130-1353609-7634308
#26,ASUS,"ASUS 24” (23.8-inch viewable) 1080P Eye Care Monitor (VA24EHF) - IPS, Full HD, Frameless, 100Hz, 1ms, Adaptive-Sync, for Working and Gaming, Low Blue Light, HDMI, VESA Mountable, Tilt, BLACK",$79.00,4.6 out of 5 stars,"4,360",https://www.amazon.com/ASUS-23-8-inch-viewable-Monitor-VA24EHF/dp/B0BZR83GZT/ref=zg_bs_g_1292115011_d_sccl_26/130-1353609-7634308?psc=1,https://www.amazon.com/product-reviews/B0BZR83GZT/ref=zg_bs_g_1292115011_d_sccl_26_cr/130-1353609-7634308
#27,Sceptre,"Sceptre Curved 27-inch Gaming Monitor 1500R 100Hz HDMI X2 DisplayPort 1ms 100% sRGB, Build-in Speakers Machine Black 2024 (C275W-FW100T)",$116.71,4.6 out of 5 stars,"23,467",https://www.amazon.com/Sceptre-27-inch-DisplayPort-Speakers-C275W-FW100T/dp/B0D2JM3NQG/ref=zg_bs_g_1292115011_d_sccl_27/130-1353609-7634308?psc=1,https://www.amazon.com/product-reviews/B0D2JM3NQG/ref=zg_bs_g_1292115011_d_sccl_27_cr/130-1353609-7634308
#28,AOC,"AOC 22B2HM2 22"" Full HD (1920 x 1080) 100Hz LED Monitor, Adaptive Sync, VGA x1, HDMI x1, Flicker-Free, Low Blue Light, HDR Ready, VESA, Tilt Adjust, Earphone Out, Eco-Friendly",$63.99,4.6 out of 5 stars,"2,595",https://www.amazon.com/AOC-22B2HM2-Adaptive-Flicker-Free-Eco-Friendly/dp/B0CXZW42CD/ref=zg_bs_g_1292115011_d_sccl_28/130-1353609-7634308?psc=1,https://www.amazon.com/product-reviews/B0CXZW42CD/ref=zg_bs_g_1292115011_d_sccl_28_cr/130-1353609-7634308
#29,KEFEYA,"KEFEYA Laptop Screen Extender, 14"" FHD 1080P IPS Laptop Monitor Extender Dual Screen, Portable Monitor for Laptops 13-17"" with USB-C/HDMI Port, Plug n Play for Windows/Mac/Android/Switch/PS5",$169.99,4.6 out of 5 stars,"2,639",https://www.amazon.com/KEFEYA-Extender-Monitor-Portable-Laptops/dp/B0CFKLK9JY/ref=zg_bs_g_1292115011_d_sccl_29/130-1353609-7634308?psc=1,https://www.amazon.com/product-reviews/B0CFKLK9JY/ref=zg_bs_g_1292115011_d_sccl_29_cr/130-1353609-7634308
#30,Sceptre,"Sceptre 24-inch Professional Thin 1080p LED Monitor 99% sRGB 2x HDMI VGA Build-in Speakers, Machine Black (E248W-19203R Series)",$94.12,4.5 out of 5 stars,"33,945",https://www.amazon.com/Sceptre-E248W-19203R-Monitor-Speakers-Metallic/dp/B0773ZY26F/ref=zg_bs_g_1292115011_d_sccl_30/130-1353609-7634308?psc=1,https://www.amazon.com/product-reviews/B0773ZY26F/ref=zg_bs_g_1292115011_d_sccl_30_cr/130-1353609-7634308
#31,Ingnok,"Ingnok 15.6'' FHD IPS Portable Monitor – Ultra Slim External Screen with USB C/HDMI for Laptop, Mac, PC, Phone, PS4, PS5, Switch",$63.99,4.5 out of 5 stars,"1,881",https://www.amazon.com/Ingnok-15-6-FHD-Portable-Monitor/dp/B0CP7XRW9S/ref=zg_bs_g_1292115011_d_sccl_31/130-1353609-7634308?psc=1,https://www.amazon.com/product-reviews/B0CP7XRW9S/ref=zg_bs_g_1292115011_d_sccl_31_cr/130-1353609-7634308
#32,Sceptre,"Sceptre Curved 24-inch Gaming Monitor 1080p R1500 98% sRGB HDMI x2 VGA Build-in Speakers, VESA Wall Mount Machine Black (C248W-1920RN Series)",$93.79,4.6 out of 5 stars,"23,467",https://www.amazon.com/Sceptre-Curved-Monitor-Speakers-C248W-1920RN/dp/B07KXSR99Y/ref=zg_bs_g_1292115011_d_sccl_32/130-1353609-7634308?psc=1,https://www.amazon.com/product-reviews/B07KXSR99Y/ref=zg_bs_g_1292115011_d_sccl_32_cr/130-1353609-7634308
#33,SANSUI,SANSUI Monitor 24 inch 100Hz USB Type-C Computer Monitor丨FHD 1080P PC Monitor丨HDMI丨FreeSync丨HDR丨Earphone Jack丨 Ergonomic Tilt for Home and Office,$69.99,4.4 out of 5 stars,"1,002",https://www.amazon.com/SANSUI-Computer-Monitor%E4%B8%A8FHD-Monitor%E4%B8%A8HDMI%E4%B8%A8FreeSync%E4%B8%A8HDR%E4%B8%A8Earphone-Ergonomic/dp/B0D22TVRWH/ref=zg_bs_g_1292115011_d_sccl_33/130-1353609-7634308?psc=1,https://www.amazon.com/product-reviews/B0D22TVRWH/ref=zg_bs_g_1292115011_d_sccl_33_cr/130-1353609-7634308
#34,KTC,"KTC 27 Inch QHD(2560 * 1440) 100Hz Computer Monitor - IPS Panel, Anti-Blue Light Screen, 100% High Color Gamut, 123% sRGB, Support FreeSync and GSync, PC Monitor for Casual Gaming and Working",$109.99,4.4 out of 5 stars,"1,466",https://www.amazon.com/KTC-Inch-100Hz-Computer-Monitor/dp/B0D4QVHWPJ/ref=zg_bs_g_1292115011_d_sccl_34/130-1353609-7634308?psc=1,https://www.amazon.com/product-reviews/B0D4QVHWPJ/ref=zg_bs_g_1292115011_d_sccl_34_cr/130-1353609-7634308
#35,LG,LG 32MR50C-B Curved Monitor 32-Inch FHD 100Hz AMD FreeSync OnScreen Control Dynamic Action Sync Black Stabilizer Tilt Stand (HDMI) - Black,$179.99,4.6 out of 5 stars,347,https://www.amazon.com/LG-32MR50C-B-FreeSync-OnScreen-Stabilizer/dp/B0CMC2FZFD/ref=zg_bs_g_1292115011_d_sccl_35/130-1353609-7634308?psc=1,https://www.amazon.com/product-reviews/B0CMC2FZFD/ref=zg_bs_g_1292115011_d_sccl_35_cr/130-1353609-7634308
#36,Dell,"Dell S2425HS Monitor - 23.8 Inch, FHD (1920x1080) Display, 100Hz Refresh Rate 1500:1 Contrast Ratio, TÜV Rheinland Eye Comfort 4 Star, Integrated 2x5W Speaker, Height/Tilt/Swivel/Pivot - Ash White",$139.99,4.7 out of 5 stars,"1,663",https://www.amazon.com/Dell-S2425HS-Monitor-1920x1080-Integrated/dp/B0CZ1RTYQY/ref=zg_bs_g_1292115011_d_sccl_36/130-1353609-7634308?psc=1,https://www.amazon.com/product-reviews/B0CZ1RTYQY/ref=zg_bs_g_1292115011_d_sccl_36_cr/130-1353609-7634308
#37,SAMSUNG,"SAMSUNG 32-Inch Flat Computer Monitor, 75Hz, Borderless Display, AMD FreeSync, Game Mode, Advanced Eye Care, HDMI and DisplayPort, LS32B304NWNXGO, 2024",$169.99,4.4 out of 5 stars,92,https://www.amazon.com/SAMSUNG-Business-Borderless-DisplayPort-LS32B304NWNXGO/dp/B0D6CKL4HV/ref=zg_bs_g_1292115011_d_sccl_37/130-1353609-7634308?psc=1,https://www.amazon.com/product-reviews/B0D6CKL4HV/ref=zg_bs_g_1292115011_d_sccl_37_cr/130-1353609-7634308
#38,Samsung,"Samsung 24” FT45 Series FHD 1080p Computer Monitor, 75Hz, IPS Panel, HDMI, DisplayPort, USB Hub, Ultra Thin Bezels, Ergonomic Design, Height Adjustable Stand, 3 Year Warranty, LF24T454FQNXGO, Black",$119.99,4.5 out of 5 stars,625,https://www.amazon.com/SAMSUNG-Computer-DisplayPort-Adjustable-LF24T454FQNXGO/dp/B08WGLL83S/ref=zg_bs_g_1292115011_d_sccl_38/130-1353609-7634308?psc=1,https://www.amazon.com/product-reviews/B08WGLL83S/ref=zg_bs_g_1292115011_d_sccl_38_cr/130-1353609-7634308
#39,Acer,"Acer 27"" WQHD 2560 x 1440 1500R Curved PC Gaming Monitor | AMD FreeSync Premium | Up to 170Hz Refresh | 1ms VRB | VESA Mount | HDR10 | 1 x Display Port 1.2 & 2 x HDMI 2.0 | EDA270U Pbmiipx | Silver",$159.99,4.5 out of 5 stars,544,https://www.amazon.com/Monitor-FreeSync-Premium-Refresh-Display/dp/B0CJVK87Y7/ref=zg_bs_g_1292115011_d_sccl_39/130-1353609-7634308?psc=1,https://www.amazon.com/product-reviews/B0CJVK87Y7/ref=zg_bs_g_1292115011_d_sccl_39_cr/130-1353609-7634308
#40,Sceptre,"Sceptre IPS 24” Gaming Monitor 165Hz 144Hz Full HD (1920 x 1080) FreeSync Eye Care FPS RTS DisplayPort HDMI Build-in Speakers, Machine Black 2020 (E248B-FPT168),IPS 24"" 165Hz",$111.99,4.5 out of 5 stars,"5,452",https://www.amazon.com/Sceptre-FreeSync-DisplayPort-Speakers-E248B-FPT168/dp/B088VMY23M/ref=zg_bs_g_1292115011_d_sccl_40/130-1353609-7634308?psc=1,https://www.amazon.com/product-reviews/B088VMY23M/ref=zg_bs_g_1292115011_d_sccl_40_cr/130-1353609-7634308
#41,SANSUI,"SANSUI Computer Monitor 24 inch IPS Eye Care 1080P Display HDMI,VGA Ports with 178° Viewing Angle/Frame-Less/Tilt/VESA Compatible for Office and Home(ES-24X5AL)",$77.99,4.4 out of 5 stars,"1,650",https://www.amazon.com/SANSUI-Computer-Frame-Less-Compatible-ES-24X5AL/dp/B0CD253J1Q/ref=zg_bs_g_1292115011_d_sccl_41/130-1353609-7634308?psc=1,https://www.amazon.com/product-reviews/B0CD253J1Q/ref=zg_bs_g_1292115011_d_sccl_41_cr/130-1353609-7634308
#42,LG,"LG 27GS50F-B 27-inch FHD (1920 x 1080) Ultragear Gaming Monitor with 180Hz, 1ms MBR, HDR10, AMD FreeSync, HDMI, DisplayPort, 3-Side Virtually Borderless Design, Black",$129.99,4.4 out of 5 stars,64,https://www.amazon.com/LG-27GS50F-B-Ultragear-DisplayPort-Borderless/dp/B0D1VW3JBM/ref=zg_bs_g_1292115011_d_sccl_42/130-1353609-7634308?psc=1,https://www.amazon.com/product-reviews/B0D1VW3JBM/ref=zg_bs_g_1292115011_d_sccl_42_cr/130-1353609-7634308
#43,Sceptre,"Sceptre Curved 24-inch Gaming Monitor 1500R DisplayPort HDMI X2 Eye Care 100% sRGB Build-in Speakers, 1ms 100Hz Machine Black 2024 (C248W-FW100T Series)",$94.62,4.6 out of 5 stars,"23,467",https://www.amazon.com/Sceptre-24-inch-DisplayPort-Speakers-C248W-FW100T/dp/B0CZ5KN8HB/ref=zg_bs_g_1292115011_d_sccl_43/130-1353609-7634308?psc=1,https://www.amazon.com/product-reviews/B0CZ5KN8HB/ref=zg_bs_g_1292115011_d_sccl_43_cr/130-1353609-7634308
#44,KTC,"KTC 24.5 Inch Gaming Monitor FHD 1080P Fast IPS 180Hz, 125% sRGB 1ms HDR Zero-Frame Computer Monitor, HDMI 2.0x2, DisplayPort 1.4x1, FreeSync & G-Sync, Tilt, VESA Compatible, Eye Care",$87.99,4.5 out of 5 stars,925,https://www.amazon.com/KTC-Zero-Frame-DisplayPort-Compatible-H24T09P/dp/B0BZ4N5HVX/ref=zg_bs_g_1292115011_d_sccl_44/130-1353609-7634308?psc=1,https://www.amazon.com/product-reviews/B0BZ4N5HVX/ref=zg_bs_g_1292115011_d_sccl_44_cr/130-1353609-7634308
#45,Dell,"Dell SE2722HX Monitor - 27 inch FHD (1920 x 1080) 16:9 Ratio with Comfortview (TUV-Certified), 75Hz Refresh Rate, 16.7 Million Colors, Anti-Glare Screen with 3H Hardness - Black",$134.30,4.6 out of 5 stars,"4,233",https://www.amazon.com/Dell-inch-Monitor-1920-1080/dp/B096MYB1H1/ref=zg_bs_g_1292115011_d_sccl_45/130-1353609-7634308?psc=1,https://www.amazon.com/product-reviews/B096MYB1H1/ref=zg_bs_g_1292115011_d_sccl_45_cr/130-1353609-7634308
#46,HP,HP 24mh FHD Computer Monitor with 23.8-Inch IPS Display (1080p) - Built-In Speakers and VESA Mounting - Height/Tilt Adjustment for Ergonomic Viewing - HDMI and DisplayPort - (1D0J9AA#ABA),$148.48,4.6 out of 5 stars,"25,202",https://www.amazon.com/HP-24mh-FHD-Monitor-Built/dp/B08BF4CZSV/ref=zg_bs_g_1292115011_d_sccl_46/130-1353609-7634308?psc=1,https://www.amazon.com/product-reviews/B08BF4CZSV/ref=zg_bs_g_1292115011_d_sccl_46_cr/130-1353609-7634308
#47,acer,"acer Nitro 27"" FHD 1920 x 1080 1500R Curved PC Gaming Monitor | AMD FreeSync Premium | 240Hz Refresh | 1ms VRB | VESA Mountable | HDR10 | 1 x Display Port 1.4 & 2 x HDMI 2.0 | EDA270 X2biip",$149.99,4.4 out of 5 stars,431,https://www.amazon.com/acer-Monitor-FreeSync-Premium-Mountable/dp/B0D2LQVPPP/ref=zg_bs_g_1292115011_d_sccl_47/130-1353609-7634308?psc=1,https://www.amazon.com/product-reviews/B0D2LQVPPP/ref=zg_bs_g_1292115011_d_sccl_47_cr/130-1353609-7634308
#48,Dell,"Dell S3222HN Curved Monitor - 31.5-inch FHD (1920x1080) 75Hz 4Ms 1800R Curved Display, HDMI Connectivity, AMD FreeSync Technology, Tilt Adjustability - Silver",$169.99,4.4 out of 5 stars,"7,100",https://www.amazon.com/Dell-S3222HN-32-inch-Curvature-Response/dp/B09DYVJS9Z/ref=zg_bs_g_1292115011_d_sccl_48/130-1353609-7634308?psc=1,https://www.amazon.com/product-reviews/B09DYVJS9Z/ref=zg_bs_g_1292115011_d_sccl_48_cr/130-1353609-7634308
#49,KTC,"KTC 24 inch Monitor - 1080P Monitor, 100Hz FreeSync Gaming Monitor with HDR10,VESA Mountable, Adjustable Tilt, ZeroFrame Design, HDMI,VGA,Earphone Ports, PC Monitor Work Monitor for Office",$67.99,4.4 out of 5 stars,"1,466",https://www.amazon.com/KTC-inch-Monitor-Mountable-Adjustable/dp/B0CHRPB1X9/ref=zg_bs_g_1292115011_d_sccl_49/130-1353609-7634308?psc=1,https://www.amazon.com/product-reviews/B0CHRPB1X9/ref=zg_bs_g_1292115011_d_sccl_49_cr/130-1353609-7634308
#50,SANSUI,"SANSUI 24 Inch Gaming Monitor 180Hz, DP 1.4 & HDMI 2.0 Ports IPS Panel High Refresh Rate Computer Monitor, Racing FPS RTS Modes, 1ms Response Time 110% sRGB (ES-G24F4, HDMI Cable Included)",$99.99,4.2 out of 5 stars,"1,153",https://www.amazon.com/SANSUI-Computer-Response-ES-G24X5-Included/dp/B0CGD9R7PT/ref=zg_bs_g_1292115011_d_sccl_50/130-1353609-7634308?psc=1,https://www.amazon.com/product-reviews/B0CGD9R7PT/ref=zg_bs_g_1292115011_d_sccl_50_cr/130-1353609-7634308
#51,KTC,"KTC 27 inch Gaming Monitor, 1440P Curved Monitor, 180Hz, 144Hz, 2K, 1500R, 1ms, FreeSync Premium/G-Sync, DisplayPort/HDMI/USB, Vesa/Wall Mount Computer Monitor, Ultrawide PC Monitor H27S17",$143.99,4.5 out of 5 stars,925,https://www.amazon.com/KTC-FreeSync-DisplayPort-Ultrawide-H27S17/dp/B0B398KZWJ/ref=zg_bs_g_1292115011_d_sccl_1/130-1353609-7634308?psc=1,https://www.amazon.com/product-reviews/B0B398KZWJ/ref=zg_bs_g_1292115011_d_sccl_1_cr/130-1353609-7634308
#52,KTC,"KTC 24.5'' Gaming Monitor, FHD 1080P 180Hz Fast IPS 128% sRGB Frameless Computer Monitor, HDR10, Adaptive Sync, Eye Care PC Gamer Monitor, HDMIx2, DP, VESA Mountable, Tilt Adjustable, H25T7",$87.99,4.5 out of 5 stars,925,https://www.amazon.com/KTC-FHD-180Hz-IPS-Adjustable/dp/B0D7BQZZCN/ref=zg_bs_g_1292115011_d_sccl_2/130-1353609-7634308?psc=1,https://www.amazon.com/product-reviews/B0D7BQZZCN/ref=zg_bs_g_1292115011_d_sccl_2_cr/130-1353609-7634308
#53,AOC,"AOC Q27G4XN 27"" Gaming Monitor, 2K QHD 2560x1440, 180Hz 1ms, Adaptive-Sync, Height Adjustable, 2X HDMI 2.0, 1x Display Port, Xbox/PS5/Switch Ready, 3-Year Zero-Bright-dot",$203.99,4.6 out of 5 stars,"20,504",https://www.amazon.com/AOC-Q27G4XN-Adaptive-Sync-Adjustable-Zero-Bright-dot/dp/B0CPHW5JQY/ref=zg_bs_g_1292115011_d_sccl_3/130-1353609-7634308?psc=1,https://www.amazon.com/product-reviews/B0CPHW5JQY/ref=zg_bs_g_1292115011_d_sccl_3_cr/130-1353609-7634308
#54,Dell,"Dell SE2422HX Monitor - 24 inch FHD (1920 x 1080) 16:9 Ratio with Comfortview (TUV-Certified), 75Hz Refresh Rate, 16.7 Million Colors, Anti-Glare Screen with 3H Hardness, AMD FreeSync- Black",$115.11,4.6 out of 5 stars,"4,233",https://www.amazon.com/Dell-inch-Monitor-1920-1080/dp/B096MXR34N/ref=zg_bs_g_1292115011_d_sccl_4/130-1353609-7634308?psc=1,https://www.amazon.com/product-reviews/B096MXR34N/ref=zg_bs_g_1292115011_d_sccl_4_cr/130-1353609-7634308
#55,Sceptre,"Sceptre 20"" 1600 x 900 75Hz LED Monitor 2x HDMI VGA Built-in Speakers, sRGB 99% Machine Black (E209W-16003RT series)",$57.60,4.4 out of 5 stars,"8,138",https://www.amazon.com/Sceptre-Monitor-1600x900-Speakers-Metallic/dp/B078HMK7S3/ref=zg_bs_g_1292115011_d_sccl_5/130-1353609-7634308?psc=1,https://www.amazon.com/product-reviews/B078HMK7S3/ref=zg_bs_g_1292115011_d_sccl_5_cr/130-1353609-7634308
#56,Dell,"Dell S2722QC Monitor - 27 inch 4K USB-C , UHD (3840 x 2160) Display, 60Hz Refresh Rate, 8MS Grey-to-Grey Response Time, Built-in Dual 3W Speakers, 1.07 Billion Colors - Platinum Silver",$279.99,4.4 out of 5 stars,"7,100",https://www.amazon.com/Dell-S2722QC-Response-Integrated-Speakers/dp/B09DTDRJWP/ref=zg_bs_g_1292115011_d_sccl_6/130-1353609-7634308?psc=1,https://www.amazon.com/product-reviews/B09DTDRJWP/ref=zg_bs_g_1292115011_d_sccl_6_cr/130-1353609-7634308
#57,Laptop,"Laptop Screen Extender Dual Monitor - 14"" Portable Monitor IPS FHD 1080P Attachment Screen Extended Extra Screen USB-C/HDMI Port Compatible with Wins Mac Dex Chrome Travel Work Fits 13""-17"" Laptops",$168.66,4.7 out of 5 stars,525,https://www.amazon.com/Laptop-Screen-Extender-Dual-Monitor/dp/B0CZSB1DMW/ref=zg_bs_g_1292115011_d_sccl_7/130-1353609-7634308?psc=1,https://www.amazon.com/product-reviews/B0CZSB1DMW/ref=zg_bs_g_1292115011_d_sccl_7_cr/130-1353609-7634308
#58,SANSUI,"SANSUI Monitor 27 Inch IPS 100Hz Computer Monitor, Built-in Speakers FHD 1080P HDR Adaptive Sync Tilt Adjustable Frameless VESA Compatible for Office and Home(ES-27X3L)",$89.99,4.4 out of 5 stars,"1,650",https://www.amazon.com/SANSUI-Computer-Frame-Less-Compatible-ES-27X3L/dp/B0B8RVH517/ref=zg_bs_g_1292115011_d_sccl_8/130-1353609-7634308?psc=1,https://www.amazon.com/product-reviews/B0B8RVH517/ref=zg_bs_g_1292115011_d_sccl_8_cr/130-1353609-7634308
#59,SAMSUNG,"SAMSUNG 24"" Essential S3 (S36GD) Series FHD 1800R Curved Computer Monitor, 100Hz, Game Mode, Advanced Eye Comfort, HDMI and D-sub Ports, LS24D366GANXZA, 2024",$109.99,4.3 out of 5 stars,227,https://www.amazon.com/SAMSUNG-Essential-Computer-Advanced-LS24D366GANXZA/dp/B0DB995J8X/ref=zg_bs_g_1292115011_d_sccl_9/130-1353609-7634308?psc=1,https://www.amazon.com/product-reviews/B0DB995J8X/ref=zg_bs_g_1292115011_d_sccl_9_cr/130-1353609-7634308
#60,KYY,"KYY Portable Monitor 15.6'' FHD 1080P USB C HDMI Gaming Monitor Ultra-Slim IPS Display w/Smart Cover & Speakers, Plug&Play, External Monitor for Laptop PC Phone Mac Xbox PS4",$74.78,4.5 out of 5 stars,"4,299",https://www.amazon.com/Portable-Monitor-Upgraded-Ultra-Slim-Speakers/dp/B088TLQR3K/ref=zg_bs_g_1292115011_d_sccl_10/130-1353609-7634308?psc=1,https://www.amazon.com/product-reviews/B088TLQR3K/ref=zg_bs_g_1292115011_d_sccl_10_cr/130-1353609-7634308
#61,KYY,"KYY Portable Monitor 15.6'' 1080P FHD USB-C Laptop Monitors w/Smart Cover & Dual Speaker, HDMI Computer Display IPS HDR External Gaming Monitor for PC Phone Mac Xbox PS4 Switch[Upgraded]",$83.99,4.4 out of 5 stars,"1,885",https://www.amazon.com/Portable-Monitor-Monitors-Computer-External/dp/B09BB5T7FV/ref=zg_bs_g_1292115011_d_sccl_11/130-1353609-7634308?psc=1,https://www.amazon.com/product-reviews/B09BB5T7FV/ref=zg_bs_g_1292115011_d_sccl_11_cr/130-1353609-7634308
#62,Sceptre,"Sceptre 22 inch 75Hz 1080P LED Monitor 99% sRGB HDMI X2 VGA Build-In Speakers, Machine Black (E225W-19203R series)",$72.97,4.5 out of 5 stars,"9,861",https://www.amazon.com/Sceptre-E225W-19203R-Monitor-Speakers-Metallic/dp/B07774L6TT/ref=zg_bs_g_1292115011_d_sccl_12/130-1353609-7634308?psc=1,https://www.amazon.com/product-reviews/B07774L6TT/ref=zg_bs_g_1292115011_d_sccl_12_cr/130-1353609-7634308
#63,ASUS,"ASUS TUF Gaming 32"" 1440P HDR Curved Monitor (VG32VQ1B) - QHD (2560 x 1440), 165Hz (Supports 144Hz), 1ms, Extreme Low Motion Blur, Speaker, FreeSync Premium, VESA Mountable, DisplayPort, HDMI,BLACK",$257.00,4.5 out of 5 stars,"8,416",https://www.amazon.com/ASUS-VG32VQ1B-Supports-Adaptive-sync-DisplayPort/dp/B088MKF848/ref=zg_bs_g_1292115011_d_sccl_13/130-1353609-7634308?psc=1,https://www.amazon.com/product-reviews/B088MKF848/ref=zg_bs_g_1292115011_d_sccl_13_cr/130-1353609-7634308
#64,SANSUI,"SANSUI 34-Inch Curved Gaming Monitor UWQHD 3440 x 1440 165Hz Curved 1500R - PIP/PBP, 1ms(MPRT), HDR, 300nits, sRGB 125%, DCI-P3 95%,FreeSync,HDMI x2,DP1.4 x2(ES-G34C5 DP Cable Included)",$259.99,4.4 out of 5 stars,"1,650",https://www.amazon.com/SANSUI-34-Inch-Curved-Gaming-Monitor/dp/B0CWQMZPJC/ref=zg_bs_g_1292115011_d_sccl_14/130-1353609-7634308?psc=1,https://www.amazon.com/product-reviews/B0CWQMZPJC/ref=zg_bs_g_1292115011_d_sccl_14_cr/130-1353609-7634308
#65,PHILIPS,"PHILIPS 27 inch Framless Full HD (1920 x 1080) 100Hz Monitor, VESA, HDMI x 1, VGA Port x1, Eye Care, 4 Year Advance Replacement Warranty, 271V8LB",$96.99,4.6 out of 5 stars,"5,473",https://www.amazon.com/PHILIPS-27-inch-Replacement-Warranty-271V8LB/dp/B0C8ZJNZY8/ref=zg_bs_g_1292115011_d_sccl_15/130-1353609-7634308?psc=1,https://www.amazon.com/product-reviews/B0C8ZJNZY8/ref=zg_bs_g_1292115011_d_sccl_15_cr/130-1353609-7634308
#66,acer,"acer Nitro 27"" WQHD 2560 x 1440 IPS Gaming Monitor | AMD FreeSync | Up to 180Hz Refresh | Up to 0.5ms | DCI-P3 95% | HDR 10 Support | 1 x Display Port 1.2 & 2 x HDMI 2.0 | KG271U N3bmiipx",$149.99,4.5 out of 5 stars,"2,655",https://www.amazon.com/acer-Monitor-FreeSync-Refresh-N3bmiipx/dp/B0D8LH2VSP/ref=zg_bs_g_1292115011_d_sccl_16/130-1353609-7634308?psc=1,https://www.amazon.com/product-reviews/B0D8LH2VSP/ref=zg_bs_g_1292115011_d_sccl_16_cr/130-1353609-7634308
#67,AOC,"AOC Q27G3XMN 27"" Mini LED Gaming Monitor, 2K QHD 2560x1440, 180Hz 1ms, 2X HDMI 2.0, 2X Display Port, Height Adjustable, Xbox/PS5/Switch Ready, 3-Year Zero-Bright-dot",$279.99,4.6 out of 5 stars,"20,504",https://www.amazon.com/AOC-Q27G3XMN-Adaptive-Sync-DisplayHDR-Zero-Bright-dot/dp/B0C8ZJKPWC/ref=zg_bs_g_1292115011_d_sccl_17/130-1353609-7634308?psc=1,https://www.amazon.com/product-reviews/B0C8ZJKPWC/ref=zg_bs_g_1292115011_d_sccl_17_cr/130-1353609-7634308
#68,Packard,"Packard Bell airFrame 21"" FHD Monitor, 1920x1080, Ultrawide, VESA Mount Compatible, Tilt Adjustment, HDMI/VGA, Slim Bezel, for Home, Office, and Light Gaming",$68.99,4.3 out of 5 stars,"1,837",https://www.amazon.com/Packard-Bell-Milliseconds-Ultrawide-Adjustment/dp/B0BLQRXG6N/ref=zg_bs_g_1292115011_d_sccl_18/130-1353609-7634308?psc=1,https://www.amazon.com/product-reviews/B0BLQRXG6N/ref=zg_bs_g_1292115011_d_sccl_18_cr/130-1353609-7634308
#69,Acer,"Acer 21.5 Inch Full HD (1920 x 1080) IPS Ultra-Thin Zero Frame Computer Monitor (HDMI & VGA Port), SB220Q bi",$89.99,4.6 out of 5 stars,"42,301",https://www.amazon.com/Acer-SB220Q-Ultra-Thin-Frame-Monitor/dp/B07CVL2D2S/ref=zg_bs_g_1292115011_d_sccl_19/130-1353609-7634308?psc=1,https://www.amazon.com/product-reviews/B07CVL2D2S/ref=zg_bs_g_1292115011_d_sccl_19_cr/130-1353609-7634308
#70,AYY,"AYY Portable Monitor for Laptop 15 Inch, FHD 1080P USB-C HDMI Travel Monitor External for Computer, Second Display HDR IPS Gaming Monitor Extender for PC MAC Phone PS4/5 Xbox Switch, Built-in Speakers",$53.99,4.4 out of 5 stars,342,https://www.amazon.com/AYY-Portable-External-Computer-Kickstand/dp/B0CYKMFN6R/ref=zg_bs_g_1292115011_d_sccl_20/130-1353609-7634308?psc=1,https://www.amazon.com/product-reviews/B0CYKMFN6R/ref=zg_bs_g_1292115011_d_sccl_20_cr/130-1353609-7634308
#71,Sceptre,"Sceptre New 24.5-inch Gaming Monitor 240Hz 1ms DisplayPort x2 HDMI x2 100% sRGB AMD FreeSync Premium Build-in Speakers, Machine Black 2024 (E255B-FWD240 Series)",$137.42,4.4 out of 5 stars,"7,146",https://www.amazon.com/Sceptre-24-5-inch-DisplayPort-FreeSync-E255B-FWD240/dp/B0CN1RDB18/ref=zg_bs_g_1292115011_d_sccl_21/130-1353609-7634308?psc=1,https://www.amazon.com/product-reviews/B0CN1RDB18/ref=zg_bs_g_1292115011_d_sccl_21_cr/130-1353609-7634308
#72,Laptop,"Laptop Screen Extender 14-inch, 1080P FHD Portable Monitor, Type-C/HDMI/USB-A Plug & Play, Laptop Monitor Extender fits Laptops with Screen up to 15.35"" Wide, Compatible with Windows, Mac, Chrome",$169.99,4.7 out of 5 stars,367,https://www.amazon.com/Extender-14-inch-Portable-Monitor-Compatible/dp/B0D492Z83S/ref=zg_bs_g_1292115011_d_sccl_22/130-1353609-7634308?psc=1,https://www.amazon.com/product-reviews/B0D492Z83S/ref=zg_bs_g_1292115011_d_sccl_22_cr/130-1353609-7634308
#73,Yxk,"Yxk Portable Monitor 15.6 Inch 1080P USB-C HDMI Ultra-Slim Travel Monitor with Kickstand, for Laptop, PC, Mac Phone, PS, Xbox, Swich IPS Ultra-Thin Zero Frame Gaming Monitor",$57.99,4.8 out of 5 stars,693,https://www.amazon.com/Yxk-Portable-Ultra-Slim-Kickstand-Ultra-Thin/dp/B0D9Y9ZXR4/ref=zg_bs_g_1292115011_d_sccl_23/130-1353609-7634308?psc=1,https://www.amazon.com/product-reviews/B0D9Y9ZXR4/ref=zg_bs_g_1292115011_d_sccl_23_cr/130-1353609-7634308
#74,domyfan,"domyfan 14"" Laptop Monitor Extender, FHD 1080P IPS Dual Laptop Screen Extender, HDMI/USB-A/Type-C Plug and Play for Windows, Mac, Chrome, Android, Xbox, Switch, PS5, Work with 13.3”-17” Laptops",$109.98,4.7 out of 5 stars,"1,767",https://www.amazon.com/domyfan-Monitor-Extender-Windows-Android/dp/B0CGQZX9LP/ref=zg_bs_g_1292115011_d_sccl_24/130-1353609-7634308?psc=1,https://www.amazon.com/product-reviews/B0CGQZX9LP/ref=zg_bs_g_1292115011_d_sccl_24_cr/130-1353609-7634308
#75,SAMSUNG,"SAMSUNG 22"" T350 Series FHD 1080p Computer Monitor, 75Hz, IPS Panel, HDMI, VGA (D-Sub), 3-Sided Border-Less, FreeSync, LF22T350FHNXZA",$79.99,4.5 out of 5 stars,"5,445",https://www.amazon.com/SAMSUNG-22-inch-Border-Less-FreeSync-LF22T350FHNXZA/dp/B08FNW672V/ref=zg_bs_g_1292115011_d_sccl_25/130-1353609-7634308?psc=1,https://www.amazon.com/product-reviews/B08FNW672V/ref=zg_bs_g_1292115011_d_sccl_25_cr/130-1353609-7634308
#76,Sceptre,"Sceptre New 24-inch Gaming Monitor 100Hz 1ms DisplayPort HDMI x2 100% sRGB AMD FreeSync Build-in Speakers, Eye Care Frameless Machine Black 2024 (E248W-FW100T)",$114.97,4.5 out of 5 stars,"33,945",https://www.amazon.com/Sceptre-DisplayPort-FreeSync-Frameless-E248W-FW100T/dp/B0CHHK97X5/ref=zg_bs_g_1292115011_d_sccl_26/130-1353609-7634308?psc=1,https://www.amazon.com/product-reviews/B0CHHK97X5/ref=zg_bs_g_1292115011_d_sccl_26_cr/130-1353609-7634308
#77,KYY,"KYY Portable Monitor Latest 15.6'' FHD 1080P USB-C HDMI Laptop Monitor w/Smart Cover Bag & Dual Speakers, External HDR Computer Screen, Travel Gaming Monitor for PC MAC Phone Xbox PS4/5 Switch",$74.78,4.4 out of 5 stars,"1,799",https://www.amazon.com/KYY-Portable-Speakers-External-Computer/dp/B0BKKLV9HY/ref=zg_bs_g_1292115011_d_sccl_27/130-1353609-7634308?psc=1,https://www.amazon.com/product-reviews/B0BKKLV9HY/ref=zg_bs_g_1292115011_d_sccl_27_cr/130-1353609-7634308
#78,Teamgee,"Teamgee Laptop Screen Extender, 14"" FHD 1080P IPS Portable Monitor for Laptop, Built-in Stand/Speaker, Dual Screen Monitor for 13""-17"" Laptops, Plug & Play Suitable for Mac, Wins, Android, Dex",$109.99,4.5 out of 5 stars,"2,700",https://www.amazon.com/Teamgee-Extender-Portable-Monitor-Suitable/dp/B0CD1GL4YZ/ref=zg_bs_g_1292115011_d_sccl_28/130-1353609-7634308?psc=1,https://www.amazon.com/product-reviews/B0CD1GL4YZ/ref=zg_bs_g_1292115011_d_sccl_28_cr/130-1353609-7634308
#79,ASUS,"ASUS VG248QG 24"" G-SYNC Gaming Monitor 165Hz 1080p 0.5ms Eye Care with DP HDMI DVI,Black",$129.00,4.6 out of 5 stars,"7,706",https://www.amazon.com/VG248QG-G-Sync-Compatible-Gaming-Monitor/dp/B07TNM8L6S/ref=zg_bs_g_1292115011_d_sccl_29/130-1353609-7634308?psc=1,https://www.amazon.com/product-reviews/B07TNM8L6S/ref=zg_bs_g_1292115011_d_sccl_29_cr/130-1353609-7634308
#80,SANSUI,"SANSUI Monitor 22 inch IPS Panel 1080p FHD 75Hz Computer Monitor with HDMI VGA, Ultra-Slim Bezel Ergonomic Tilt Eye Care LED Display for Home Office (ES-22F1 HDMI Cable Included)",$76.99,4.3 out of 5 stars,"3,749",https://www.amazon.com/SANSUI-Computer-Ultra-Slim-Ergonomic-ES-22F1/dp/B0B49JWRBZ/ref=zg_bs_g_1292115011_d_sccl_30/130-1353609-7634308?psc=1,https://www.amazon.com/product-reviews/B0B49JWRBZ/ref=zg_bs_g_1292115011_d_sccl_30_cr/130-1353609-7634308
#81,Acer,"Acer Nitro 31.5"" FHD 1920 x 1080 1500R Curved PC Gaming Monitor | AMD FreeSync™ Premium | Up to 165Hz Refresh | 1ms VRB | VESA Mountable | 1 x Display Port 1.2 & 2 x HDMI 1.4 | EDA320Q PBIIPX",$159.99,4.4 out of 5 stars,431,https://www.amazon.com/Monitor-FreeSync-Premium-Refresh-Mountable/dp/B0C9JN5TDZ/ref=zg_bs_g_1292115011_d_sccl_81/130-1353609-7634308?psc=1,https://www.amazon.com/product-reviews/B0C9JN5TDZ/ref=zg_bs_g_1292115011_d_sccl_81_cr/130-1353609-7634308
#82,LG,"LG UltraGear QHD 27-Inch Gaming Monitor 27GL83A-B - IPS 1ms (GtG), with HDR 10 Compatibility, NVIDIA G-SYNC, and AMD FreeSync, 144Hz, Black",$240.00,4.6 out of 5 stars,"12,187",https://www.amazon.com/LG-27GL83A-B-Ultragear-Compatible-Monitor/dp/B07YGZL8XF/ref=zg_bs_g_1292115011_d_sccl_82/130-1353609-7634308?psc=1,https://www.amazon.com/product-reviews/B07YGZL8XF/ref=zg_bs_g_1292115011_d_sccl_82_cr/130-1353609-7634308
#83,SANSUI,"SANSUI Monitor 24 Inch 100Hz PC Monitor, HDMI VGA Ports VESA Mount, FHD Computer Monitor Ultra-Slim Ergonomic Tilt Eye Care for Home Office (ES-24F2, HDMI Cable Included)",$79.99,4.3 out of 5 stars,"3,749",https://www.amazon.com/SANSUI-Monitor-24-Ultra-Slim-Ergonomic-ES-24F1/dp/B0B17KHCQN/ref=zg_bs_g_1292115011_d_sccl_83/130-1353609-7634308?psc=1,https://www.amazon.com/product-reviews/B0B17KHCQN/ref=zg_bs_g_1292115011_d_sccl_83_cr/130-1353609-7634308
#84,Dell,"Dell S3422DWG Curved Gaming Monitor - 34 Inch 1800R Curved Screen with 144Hz Refresh Rate, WQHD (3440 x 1440) Display, HDMI, DP to DP 1.4 Cable, AMD FreeSync - Black",$319.99,4.5 out of 5 stars,"4,271",https://www.amazon.com/Dell-Curved-Monitor-Refresh-Display/dp/B095X7RV77/ref=zg_bs_g_1292115011_d_sccl_84/130-1353609-7634308?psc=1,https://www.amazon.com/product-reviews/B095X7RV77/ref=zg_bs_g_1292115011_d_sccl_84_cr/130-1353609-7634308
#85,HP,"HP 27h Full HD Monitor - Diagonal - IPS Panel & 75Hz Refresh Rate - Smooth Screen - 3-Sided Micro-Edge Bezel - 100mm Height/Tilt Adjust - Built-in Dual Speakers - for Hybrid Workers,Black",$169.00,4.6 out of 5 stars,"5,075",https://www.amazon.com/HP-27h-Full-Monitor-Built/dp/B0B6CYVXF7/ref=zg_bs_g_1292115011_d_sccl_85/130-1353609-7634308?psc=1,https://www.amazon.com/product-reviews/B0B6CYVXF7/ref=zg_bs_g_1292115011_d_sccl_85_cr/130-1353609-7634308
#86,Alienware,"Alienware 25 Gaming Monitor AW2523HF 24.5"" IPS LED FHD - 360Hz - AMD FreeSync - VESA - Monitor (USB, HDMI) Height/Tilt/Swivel/Pivot Adjustability - Dark side of the Moon",$279.99,4.4 out of 5 stars,794,https://www.amazon.com/Alienware-AW2523HF-Gaming-Monitor-Adjustability/dp/B0BDPCQ7PG/ref=zg_bs_g_1292115011_d_sccl_86/130-1353609-7634308?psc=1,https://www.amazon.com/product-reviews/B0BDPCQ7PG/ref=zg_bs_g_1292115011_d_sccl_86_cr/130-1353609-7634308
#87,Dell,"Dell UltraSharp U2723QE 27"" 4K UHD WLED LCD Monitor - 16:9 - Black, Silver",$489.00,4.4 out of 5 stars,795,https://www.amazon.com/Dell-U2723QE-UltraSharp-USB-C-Monitor/dp/B09TQZP9CL/ref=zg_bs_g_1292115011_d_sccl_87/130-1353609-7634308?psc=1,https://www.amazon.com/product-reviews/B09TQZP9CL/ref=zg_bs_g_1292115011_d_sccl_87_cr/130-1353609-7634308
#88,SANSUI,"SANSUI 27 Inch Monitor, IPS 100Hz Computer Monitor Full HD 1920 x 1080P with HDMI VGA Interface Eye Care Frameless 100 x 100mm VESA (ES-27X3AL, HDMI Cable Included)",$89.99,4.4 out of 5 stars,"1,002",https://www.amazon.com/SANSUI-Computer-Interface-Frameless-ES-27X3AL/dp/B0CG9HF9KW/ref=zg_bs_g_1292115011_d_sccl_88/130-1353609-7634308?psc=1,https://www.amazon.com/product-reviews/B0CG9HF9KW/ref=zg_bs_g_1292115011_d_sccl_88_cr/130-1353609-7634308
#89,Sceptre,"Sceptre Curved 32"" FHD 1080p Gaming Monitor Up to 240Hz 1ms 99% sRGB AMD FreeSync Premium Build-in Speakers, HDMI x3 Displayport Machine Black (C325B-FWD240)",$182.67,4.4 out of 5 stars,"7,146",https://www.amazon.com/Sceptre-FreeSync-Speakers-Displayport-C325B-FWD240/dp/B08VM9JN7H/ref=zg_bs_g_1292115011_d_sccl_89/130-1353609-7634308?psc=1,https://www.amazon.com/product-reviews/B08VM9JN7H/ref=zg_bs_g_1292115011_d_sccl_89_cr/130-1353609-7634308
#90,ASUS,"ASUS TUF Gaming VG27WQ1B 27” Curved Monitor, 1440P WQHD (2560 x 1440), 165Hz (Supports 144Hz), 1ms, Adaptive-sync/FreeSync Premium, Extreme Low Motion Blur, Eye Care, HDMI DisplayPort, HDR10",$199.00,4.5 out of 5 stars,"8,416",https://www.amazon.com/ASUS-VG27WQ1B-Supports-Adaptive-sync-DisplayPort/dp/B088MKHW7M/ref=zg_bs_g_1292115011_d_sccl_90/130-1353609-7634308?psc=1,https://www.amazon.com/product-reviews/B088MKHW7M/ref=zg_bs_g_1292115011_d_sccl_90_cr/130-1353609-7634308
#91,Dell,"Dell S2721QS Monitor 27 Inch, 4K UHD (3840 x 2160) IPS Display, Ultra-Thin Bezel, AMD FreeSync, HDMI, DisplayPort, VESA Certified - Silver",$276.89,4.4 out of 5 stars,"7,100",https://www.amazon.com/Dell-S2721QS-Ultra-Thin-DisplayPort-Certified/dp/B08DQWG3JG/ref=zg_bs_g_1292115011_d_sccl_91/130-1353609-7634308?psc=1,https://www.amazon.com/product-reviews/B08DQWG3JG/ref=zg_bs_g_1292115011_d_sccl_91_cr/130-1353609-7634308
#92,Dell,"Dell S3221QS 32 Inch Curved 4K UHD (3840 x 2160), VA Ultra-Thin Bezel Monitor, 60Hz, 4MS Response Time, 90% DCI-P3, 99% sRGB, AMD FreeSync, HDMI, DisplayPort, Built in Speakers, VESA Certified, Silver",$289.99,4.4 out of 5 stars,"7,100",https://www.amazon.com/Dell-S3221QS-Ultra-Thin-DisplayPort-Certified/dp/B08G8WMRRP/ref=zg_bs_g_1292115011_d_sccl_92/130-1353609-7634308?psc=1,https://www.amazon.com/product-reviews/B08G8WMRRP/ref=zg_bs_g_1292115011_d_sccl_92_cr/130-1353609-7634308
#93,CRUA,"CRUA 24 Inch 144hz/180hz Curved Gaming Monitor, FHD 1080P Frameless Computer Monitors, Support AMD freesync Low Motion Blur, Eye Care, DP, HDMI, Compatible Wall Mountable Installs-Black",$114.99,4.3 out of 5 stars,"1,922",https://www.amazon.com/CRUA-Monitor%EF%BC%8CFHD-Frameless-Monitor%EF%BC%8CSupport-DisplayPort/dp/B0B3MNRDGL/ref=zg_bs_g_1292115011_d_sccl_93/130-1353609-7634308?psc=1,https://www.amazon.com/product-reviews/B0B3MNRDGL/ref=zg_bs_g_1292115011_d_sccl_93_cr/130-1353609-7634308
#94,CIDETTY,"CIDETTY Laptop Screen Extender, 14'' FHD 1080P IPS Ultra-Thin Dual/Triple Monitor Display, HDMI/USB-C Plug-Play Portable Monitor for Laptop, Built-in Speakers(Mac, Win, Android)",$199.98,4.4 out of 5 stars,876,https://www.amazon.com/CIDETTY-Extender-Ultra-Thin-Plug-Play-Portable/dp/B0CL66GVJ5/ref=zg_bs_g_1292115011_d_sccl_94/130-1353609-7634308?psc=1,https://www.amazon.com/product-reviews/B0CL66GVJ5/ref=zg_bs_g_1292115011_d_sccl_94_cr/130-1353609-7634308
#95,LG,"LG UltraFine UHD 27-Inch 4K UHD 2160p Computer Monitor 27UN850-W, IPS with VESA DisplayHDR 400, AMD FreeSync, and USB-C, White,Silver",$329.00,4.5 out of 5 stars,"2,348",https://www.amazon.com/LG-27UN850-W-DisplayHDR-Borderless-Adjustable/dp/B08CVTTNN4/ref=zg_bs_g_1292115011_d_sccl_95/130-1353609-7634308?psc=1,https://www.amazon.com/product-reviews/B08CVTTNN4/ref=zg_bs_g_1292115011_d_sccl_95_cr/130-1353609-7634308
#96,Samsung,"Samsung 34' Odyssey G5 Ultra-Wide Gaming Monitor with 1000R Curved Screen, 165Hz, 1ms, FreeSync Premium, Large Display, Eye Comfort, Multiple Ports, WQHD, LC34G55TWWNXZA, 2020, Black",$341.27,4.3 out of 5 stars,"2,555",https://www.amazon.com/SAMSUNG-34-Inch-Ultra-Wide-FreeSync-LC34G55TWWNXZA/dp/B08MVBYWGQ/ref=zg_bs_g_1292115011_d_sccl_96/130-1353609-7634308?psc=1,https://www.amazon.com/product-reviews/B08MVBYWGQ/ref=zg_bs_g_1292115011_d_sccl_96_cr/130-1353609-7634308
#97,Sceptre,"Sceptre 4K IPS 27"" 3840 x 2160 UHD Monitor up to 70Hz DisplayPort HDMI 99% sRGB Build-in Speakers, Black 2021 (U275W-UPT)",$191.36,4.4 out of 5 stars,"1,621",https://www.amazon.com/Sceptre-Monitor-DisplayPort-Speakers-U275W-UPT/dp/B098HQ8YRX/ref=zg_bs_g_1292115011_d_sccl_97/130-1353609-7634308?psc=1,https://www.amazon.com/product-reviews/B098HQ8YRX/ref=zg_bs_g_1292115011_d_sccl_97_cr/130-1353609-7634308
#98,KTC,"KTC 24.5'' Gaming Monitor 180Hz FHD,Fast IPS 1080P 1 ms, 128% sRGB HDR10,Freesync HDMI x 2 /DP x 1 VESA Tilt Adjustable Xbox PS5 Switch (HDMI Cable Included)",$91.99,4.4 out of 5 stars,"1,466",https://www.amazon.com/KTC-Monitor-Freesync-Adjustable-Included/dp/B0D5QCDZ4X/ref=zg_bs_g_1292115011_d_sccl_98/130-1353609-7634308?psc=1,https://www.amazon.com/product-reviews/B0D5QCDZ4X/ref=zg_bs_g_1292115011_d_sccl_98_cr/130-1353609-7634308
#99,SANSUI,"SANSUI 24 inch Monitor, IPS Display Computer Monitor with Built-in Speakers, 100Hz Monitor VESA Mount with HDMI Inputs, FHD Monitor for Home Office (ES-24x3A HDMI Cable Included)",$77.99,4.4 out of 5 stars,480,https://www.amazon.com/SANSUI-Computer-100Hz-DisplayPort-FHD/dp/B0CCCPC5QW/ref=zg_bs_g_1292115011_d_sccl_99/130-1353609-7634308?psc=1,https://www.amazon.com/product-reviews/B0CCCPC5QW/ref=zg_bs_g_1292115011_d_sccl_99_cr/130-1353609-7634308
#100,Laptop,"Laptop Screen Extender, 14"" FHD 1080P Triple Portable Laptop Screen Extender Monitor for 13""-16.5"" Laptop with Stand Dual Monitors Built-in Speakers, Laptop Monitor Extender for MacOS/Wins/Chrome/Dex",$199.99,4.7 out of 5 stars,230,https://www.amazon.com/Extender-Portable-Monitor-Monitors-Speakers/dp/B0DCFPXJ5D/ref=zg_bs_g_1292115011_d_sccl_100/130-1353609-7634308?psc=1,https://www.amazon.com/product-reviews/B0DCFPXJ5D/ref=zg_bs_g_1292115011_d_sccl_100_cr/130-1353609-7634308
